source,target,sign,equation,edge_mode,inertia,target_class,causal_mechanism,evidence_source,evidence_strength,bidirectional_pair_id,status,review_notes
central_bank_policy_rate,unemployment_rate,positive,0.18*x,behavioral_contribution,3,fast,Tighter monetary policy typically weakens labor demand,ECB transmission mechanism,high,,approved,batch1_labor_prices
vat,inflation_consumer_prices,positive,0.35*x,behavioral_contribution,2,fast,Consumption tax changes pass through to consumer prices,ECB inflation pass-through research,high,,approved,legacy_import_existing_relationship
public_expenditure_on_health,health,positive,0.6*x,behavioral_contribution,3,fast,Higher health spending improves service quality and health outcomes.,WHO health systems evidence,high,,approved,legacy_import_existing_relationship; policy_adjusted_to_comply
public_expenditure_on_education,education,positive,0.6*x,behavioral_contribution,3,fast,Higher education spending improves educational quality and attainment outcomes.,OECD education finance evidence,high,,approved,legacy_import_existing_relationship
carbonTax,inflation_consumer_prices,positive,0.25*x,behavioral_contribution,2,fast,Carbon taxation raises energy and transport costs that pass into consumer prices.,Carbon tax price pass-through evidence,high,,approved,legacy_import_existing_relationship
public_expenditure_on_health,budget.expenditure,positive,0.35*x,accounting_trace,2,fast,Policy fiscal coefficients increase annual government expenditure.,Policy fiscal coefficients from policies.csv,high,,approved,budget_accounting_required_edge_auto
public_expenditure_on_education,budget.expenditure,positive,0.27*x,accounting_trace,2,fast,Policy fiscal coefficients increase annual government expenditure.,Policy fiscal coefficients from policies.csv,high,,approved,budget_accounting_required_edge_auto
welfareSpending,budget.expenditure,positive,0.21*x,accounting_trace,2,fast,Policy fiscal coefficients increase annual government expenditure.,Policy fiscal coefficients from policies.csv,high,,approved,budget_accounting_required_edge_auto
transportSpending,budget.expenditure,positive,0.16*x,accounting_trace,2,fast,Policy fiscal coefficients increase annual government expenditure.,Policy fiscal coefficients from policies.csv,high,,approved,budget_accounting_required_edge_auto
digitalInfrastructure,budget.expenditure,positive,0.14*x,accounting_trace,2,fast,Policy fiscal coefficients increase annual government expenditure.,Policy fiscal coefficients from policies.csv,high,,approved,budget_accounting_required_edge_auto
policeSpending,budget.expenditure,positive,0.15*x,accounting_trace,2,fast,Policy fiscal coefficients increase annual government expenditure.,Policy fiscal coefficients from policies.csv,high,,approved,budget_accounting_required_edge_auto
justiceSpending,budget.expenditure,positive,0.13*x,accounting_trace,2,fast,Policy fiscal coefficients increase annual government expenditure.,Policy fiscal coefficients from policies.csv,high,,approved,budget_accounting_required_edge_auto
greenEnergy,budget.expenditure,positive,0.12*x,accounting_trace,2,fast,Policy fiscal coefficients increase annual government expenditure.,Policy fiscal coefficients from policies.csv,high,,approved,budget_accounting_required_edge_auto
housingPolicy.maisHabitacao,budget.expenditure,positive,0.16*x,accounting_trace,2,fast,Policy fiscal coefficients increase annual government expenditure.,Policy fiscal coefficients from policies.csv,high,,approved,budget_accounting_required_edge_auto
housingPolicy.rentControl,budget.expenditure,positive,0.11*x,accounting_trace,2,fast,Policy fiscal coefficients increase annual government expenditure.,Policy fiscal coefficients from policies.csv,high,,approved,budget_accounting_required_edge_auto
laborPolicy.youthJobs,budget.expenditure,positive,0.14*x,accounting_trace,2,fast,Policy fiscal coefficients increase annual government expenditure.,Policy fiscal coefficients from policies.csv,high,,approved,budget_accounting_required_edge_auto
military_expenditure,budget.expenditure,positive,0.16*x,accounting_trace,2,fast,Policy fiscal coefficients increase annual government expenditure.,Policy fiscal coefficients from policies.csv,high,,approved,budget_accounting_required_edge_auto
incomeTax,tax_revenue,positive,0.35*x,accounting_trace,2,fast,Tax policy settings influence aggregate tax revenue channel.,Policy fiscal coefficients from policies.csv,high,,approved,tax_chain_required_edge_auto
corporateTax,tax_revenue,positive,0.21*x,accounting_trace,2,fast,Tax policy settings influence aggregate tax revenue channel.,Policy fiscal coefficients from policies.csv,high,,approved,tax_chain_required_edge_auto
vat,tax_revenue,positive,0.24*x,accounting_trace,2,fast,Tax policy settings influence aggregate tax revenue channel.,Policy fiscal coefficients from policies.csv,high,,approved,tax_chain_required_edge_auto
carbonTax,tax_revenue,positive,0.1*x,accounting_trace,2,fast,Tax policy settings influence aggregate tax revenue channel.,Policy fiscal coefficients from policies.csv,high,,approved,tax_chain_required_edge_auto
housingPolicy.alTaxes,tax_revenue,positive,0.09*x,accounting_trace,2,fast,Tax policy settings influence aggregate tax revenue channel.,Policy fiscal coefficients from policies.csv,high,,approved,tax_chain_required_edge_auto
taxPolicy.nhrRegime,tax_revenue,positive,0.08*x,accounting_trace,2,fast,Tax policy settings influence aggregate tax revenue channel.,Policy fiscal coefficients from policies.csv,high,,approved,tax_chain_required_edge_auto
taxPolicy.wealthTax,tax_revenue,positive,0.08*x,accounting_trace,2,fast,Tax policy settings influence aggregate tax revenue channel.,Policy fiscal coefficients from policies.csv,high,,approved,tax_chain_required_edge_auto
tsu_total_rate,tax_revenue,positive,0.3*x,accounting_trace,2,fast,Payroll social contribution settings influence aggregate tax revenue channel.,Policy fiscal coefficients from policies.csv,high,,approved,tax_chain_required_edge_auto
isp_fuel_tax,tax_revenue,positive,0.12*x,accounting_trace,2,fast,Fuel excise tax settings influence aggregate tax revenue channel.,Policy fiscal coefficients from policies.csv,high,,approved,tax_chain_required_edge_auto
imi_average_rate,tax_revenue,positive,0.09*x,accounting_trace,2,fast,Municipal property tax settings influence aggregate tax revenue channel.,Policy fiscal coefficients from policies.csv,high,,approved,tax_chain_required_edge_auto
imt_effective_rate,tax_revenue,positive,0.09*x,accounting_trace,2,fast,Property transfer tax settings influence aggregate tax revenue channel.,Policy fiscal coefficients from policies.csv,high,,approved,tax_chain_required_edge_auto
stamp_duty_index,tax_revenue,positive,0.1*x,accounting_trace,2,fast,Stamp duty settings influence aggregate tax revenue channel.,Policy fiscal coefficients from policies.csv,high,,approved,tax_chain_required_edge_auto
vehicle_tax_index,tax_revenue,positive,0.08*x,accounting_trace,2,fast,Vehicle tax settings influence aggregate tax revenue channel.,Policy fiscal coefficients from policies.csv,high,,approved,tax_chain_required_edge_auto
sin_tax_index,tax_revenue,positive,0.1*x,accounting_trace,2,fast,Excise tax settings influence aggregate tax revenue channel.,Policy fiscal coefficients from policies.csv,high,,approved,tax_chain_required_edge_auto
housingPolicy.goldenVisa,budget.income,positive,0.08*x,accounting_trace,2,fast,Golden visa program intensity increases non-tax public receipts through application and processing revenues.,Policy fiscal coefficients from policies.csv,high,,approved,budget_accounting_required_non_tax_edge_auto
soe_dividend_rate,budget.income,positive,0.08*x,accounting_trace,2,fast,Higher SOE dividend transfer rate increases non-tax income flowing into the annual budget.,Policy fiscal coefficients from policies.csv,high,,approved,budget_accounting_required_non_tax_edge_auto
tax_revenue,budget.income,positive,0.95*x,accounting_trace,2,fast,Higher tax revenue increases total budget income.,Budget accounting identity,high,,approved,tax_chain_required_edge_identity
budget.income,budget.deficit,negative,-0.95*x,accounting_trace,2,fast,Higher income reduces the deficit by accounting identity (deficit = expenditure - income).,Budget accounting identity,high,,approved,budget_accounting_required_edge_identity
budget.expenditure,budget.deficit,positive,0.95*x,accounting_trace,2,fast,Higher expenditure increases the deficit by accounting identity (deficit = expenditure - income).,Budget accounting identity,high,,approved,budget_accounting_required_edge_identity
budget.deficit,budget.debt,positive,0.95*x,accounting_trace,2,fast,Higher deficit increases debt through period accumulation.,Public finance stock-flow identity,high,,approved,budget_accounting_required_edge_identity
budget.debt,debt_to_gdp,positive,0.95*x,accounting_trace,2,fast,Higher debt stock raises debt-to-GDP ratio by identity.,Debt ratio identity,high,,approved,debt_ratio_identity_chain
gdp,debt_to_gdp,negative,-0.95*x,accounting_trace,2,fast,Higher GDP lowers debt-to-GDP ratio holding debt stock constant.,Debt ratio identity,high,,approved,debt_ratio_identity_chain
incomeTax,real_household_disposable_income,negative,-0.28*x,behavioral_contribution,2,fast,Higher income tax reduces take-home pay and real disposable household income.,OECD household taxation and disposable income evidence,high,,approved,mechanistic_income_mediator_2026_03_08
welfareSpending,real_household_disposable_income,positive,0.24*x,behavioral_contribution,2,fast,Transfers increase household net resources and support real disposable income.,Fiscal transfer and household income literature,high,,approved,mechanistic_income_mediator_2026_03_08
rentBurden,real_household_disposable_income,negative,-0.26*x,behavioral_contribution,2,fast,Higher housing-cost burden leaves less income available for non-housing uses.,Household budget share and cost-burden evidence,high,,approved,mechanistic_income_mediator_2026_03_08
inflation_consumer_prices,real_household_disposable_income,negative,-0.2*x,behavioral_contribution,2,fast,Higher consumer-price inflation lowers real purchasing power and real disposable income.,Real income accounting and inflation pass-through evidence,high,,approved,mechanistic_income_mediator_2026_03_08
real_household_disposable_income,consumption,positive,0.46*x,behavioral_contribution,2,fast,Higher real disposable household income increases private consumption demand.,Household consumption function evidence,high,,approved,mechanistic_income_mediator_2026_03_08
consumption,gdp,positive,x_raw,accounting_trace,2,fast,GDP identity trace: household consumption contributes directly to GDP accounting identity.,National accounts GDP identity,high,,approved,gdp_identity_trace_2026_03_09
investment,gdp,positive,x_raw,accounting_trace,2,fast,GDP identity trace: investment contributes directly to GDP accounting identity.,National accounts GDP identity,high,,approved,gdp_identity_trace_2026_03_09
government_demand,gdp,positive,x_raw,accounting_trace,2,fast,GDP identity trace: government final demand contributes directly to GDP accounting identity.,National accounts GDP identity,high,,approved,gdp_identity_trace_2026_03_09
netExports,gdp,mixed,x_raw,accounting_trace,2,fast,GDP identity trace: net exports can increase or decrease GDP depending on trade balance sign.,National accounts GDP identity,high,,approved,gdp_identity_trace_2026_03_09
total_fertility_rate,crude_birth_rate_per_1000,positive,5.625*x_raw,accounting_trace,2,slow,Deterministic fertility-to-birth-rate bridge for annual population accounting.,INE demographic accounting baseline (2023),high,,approved,population_identity_trace_2026_03_09
fertility_to_birth_rate_factor,crude_birth_rate_per_1000,positive,x_raw,accounting_trace,2,slow,Deterministic factor node in fertility-to-birth-rate bridge.,INE demographic accounting baseline (2023),medium,,approved,population_identity_trace_2026_03_09
crude_birth_rate_per_1000,births_annual,positive,x_raw,accounting_trace,2,slow,Annual births identity trace: births depend on crude birth rate and population stock.,Demographic stock-flow identity,high,,approved,population_identity_trace_2026_03_09
population.total,births_annual,positive,x_raw,accounting_trace,2,slow,Annual births identity trace: larger population increases births at given rate.,Demographic stock-flow identity,high,,approved,population_identity_trace_2026_03_09
immigration_rate_per_1000,migration_in_annual,positive,x_raw,accounting_trace,2,slow,Annual migration-in identity trace from per-1000 inflow rate.,INE migration accounting,high,,approved,population_identity_trace_2026_03_09
population.total,migration_in_annual,positive,x_raw,accounting_trace,2,slow,Annual migration-in identity trace scales with resident stock.,Demographic stock-flow identity,high,,approved,population_identity_trace_2026_03_09
emigration_rate_per_1000,migration_out_annual,positive,x_raw,accounting_trace,2,slow,Annual migration-out identity trace from per-1000 outflow rate.,INE migration accounting,high,,approved,population_identity_trace_2026_03_09
population.total,migration_out_annual,positive,x_raw,accounting_trace,2,slow,Annual migration-out identity trace scales with resident stock.,Demographic stock-flow identity,high,,approved,population_identity_trace_2026_03_09
births_annual,natural_change_annual,positive,x_raw,accounting_trace,2,slow,Natural change identity trace adds births.,Demographic stock-flow identity,high,,approved,population_identity_trace_2026_03_09
deaths_annual,natural_change_annual,negative,-x_raw,accounting_trace,2,slow,Natural change identity trace subtracts deaths.,Demographic stock-flow identity,high,,approved,population_identity_trace_2026_03_09
migration_in_annual,net_migration_annual,positive,x_raw,accounting_trace,2,slow,Net migration identity trace adds in-migration.,Demographic stock-flow identity,high,,approved,population_identity_trace_2026_03_09
migration_out_annual,net_migration_annual,negative,-x_raw,accounting_trace,2,slow,Net migration identity trace subtracts out-migration.,Demographic stock-flow identity,high,,approved,population_identity_trace_2026_03_09
natural_change_annual,population_change_annual,mixed,x_raw,accounting_trace,2,slow,Population change identity trace includes natural change component.,Demographic stock-flow identity,high,,approved,population_identity_trace_2026_03_09
net_migration_annual,population_change_annual,mixed,x_raw,accounting_trace,2,slow,Population change identity trace includes migration component.,Demographic stock-flow identity,high,,approved,population_identity_trace_2026_03_09
population_change_annual,population.total,mixed,x_raw,accounting_trace,2,slow,Population stock-flow identity trace updates resident stock.,Demographic stock-flow identity,high,,approved,population_identity_trace_2026_03_09
stroke_mortality_rate_per_100k,deaths_stroke_annual,positive,x_raw,accounting_trace,2,slow,Stroke deaths trace from mortality rate.,INE causes of death 2023,high,,approved,population_mortality_trace_2026_03_09
population.total,deaths_stroke_annual,positive,x_raw,accounting_trace,2,slow,Stroke deaths trace scales with population stock.,Demographic stock-flow identity,high,,approved,population_mortality_trace_2026_03_09
ischemic_heart_disease_mortality_rate_per_100k,deaths_ischemic_heart_disease_annual,positive,x_raw,accounting_trace,2,slow,IHD deaths trace from mortality rate.,INE causes of death 2023,high,,approved,population_mortality_trace_2026_03_09
population.total,deaths_ischemic_heart_disease_annual,positive,x_raw,accounting_trace,2,slow,IHD deaths trace scales with population stock.,Demographic stock-flow identity,high,,approved,population_mortality_trace_2026_03_09
acute_myocardial_infarction_mortality_rate_per_100k,deaths_acute_myocardial_infarction_annual,positive,x_raw,accounting_trace,2,slow,AMI deaths trace from mortality rate.,INE causes of death 2023,high,,approved,population_mortality_trace_2026_03_09
population.total,deaths_acute_myocardial_infarction_annual,positive,x_raw,accounting_trace,2,slow,AMI deaths trace scales with population stock.,Demographic stock-flow identity,high,,approved,population_mortality_trace_2026_03_09
deaths_stroke_annual,deaths_cardiovascular_annual,positive,x_raw,accounting_trace,2,slow,Cardiovascular aggregate trace includes stroke deaths.,Demographic stock-flow identity,high,,approved,population_mortality_trace_2026_03_09
deaths_ischemic_heart_disease_annual,deaths_cardiovascular_annual,positive,x_raw,accounting_trace,2,slow,Cardiovascular aggregate trace includes ischemic heart disease deaths.,Demographic stock-flow identity,high,,approved,population_mortality_trace_2026_03_09
deaths_acute_myocardial_infarction_annual,deaths_cardiovascular_annual,positive,x_raw,accounting_trace,2,slow,Cardiovascular aggregate trace includes acute myocardial infarction deaths.,Demographic stock-flow identity,high,,approved,population_mortality_trace_2026_03_09
respiratory_mortality_rate_per_100k,deaths_respiratory_annual,positive,x_raw,accounting_trace,2,slow,Respiratory deaths trace from mortality rate.,INE causes of death 2023,high,,approved,population_mortality_trace_2026_03_09
population.total,deaths_respiratory_annual,positive,x_raw,accounting_trace,2,slow,Respiratory deaths trace scales with population stock.,Demographic stock-flow identity,high,,approved,population_mortality_trace_2026_03_09
lung_cancer_mortality_rate_per_100k,deaths_lung_cancer_annual,positive,x_raw,accounting_trace,2,slow,Lung-cancer deaths trace from mortality rate.,INE causes of death 2023,high,,approved,population_mortality_trace_2026_03_09
population.total,deaths_lung_cancer_annual,positive,x_raw,accounting_trace,2,slow,Lung-cancer deaths trace scales with population stock.,Demographic stock-flow identity,high,,approved,population_mortality_trace_2026_03_09
colorectal_cancer_mortality_rate_per_100k,deaths_colorectal_cancer_annual,positive,x_raw,accounting_trace,2,slow,Colorectal-cancer deaths trace from mortality rate.,INE causes of death 2023,high,,approved,population_mortality_trace_2026_03_09
population.total,deaths_colorectal_cancer_annual,positive,x_raw,accounting_trace,2,slow,Colorectal-cancer deaths trace scales with population stock.,Demographic stock-flow identity,high,,approved,population_mortality_trace_2026_03_09
covid_mortality_rate_per_100k,deaths_covid_annual,positive,x_raw,accounting_trace,2,slow,COVID deaths trace from mortality rate.,INE causes of death 2023,high,,approved,population_mortality_trace_2026_03_09
population.total,deaths_covid_annual,positive,x_raw,accounting_trace,2,slow,COVID deaths trace scales with population stock.,Demographic stock-flow identity,high,,approved,population_mortality_trace_2026_03_09
road_traffic_mortality_rate,deaths_traffic_annual,positive,x_raw,accounting_trace,2,slow,Road-traffic deaths trace from mortality rate.,WHO road mortality indicator,medium,,approved,population_mortality_trace_2026_03_09
population.total,deaths_traffic_annual,positive,x_raw,accounting_trace,2,slow,Road-traffic deaths trace scales with population stock.,Demographic stock-flow identity,high,,approved,population_mortality_trace_2026_03_09
suicide_mortality_rate,deaths_suicide_annual,positive,x_raw,accounting_trace,2,slow,Suicide deaths trace from mortality rate.,WHO suicide mortality indicator,medium,,approved,population_mortality_trace_2026_03_09
population.total,deaths_suicide_annual,positive,x_raw,accounting_trace,2,slow,Suicide deaths trace scales with population stock.,Demographic stock-flow identity,high,,approved,population_mortality_trace_2026_03_09
intentional_homicide_rate,deaths_homicide_annual,positive,x_raw,accounting_trace,2,slow,Homicide deaths trace from homicide rate.,UNODC homicide indicator,medium,,approved,population_mortality_trace_2026_03_09
population.total,deaths_homicide_annual,positive,x_raw,accounting_trace,2,slow,Homicide deaths trace scales with population stock.,Demographic stock-flow identity,high,,approved,population_mortality_trace_2026_03_09
other_mortality_rate_per_100k,deaths_other_annual,positive,x_raw,accounting_trace,2,slow,Residual mortality deaths trace from per-100k rate.,Residual from INE demographic accounting 2023,medium,,approved,population_mortality_trace_2026_03_09
population.total,deaths_other_annual,positive,x_raw,accounting_trace,2,slow,Residual mortality deaths trace scales with population stock.,Demographic stock-flow identity,high,,approved,population_mortality_trace_2026_03_09
deaths_cardiovascular_annual,deaths_annual,positive,x_raw,accounting_trace,2,slow,All-cause deaths trace includes cardiovascular deaths.,Demographic stock-flow identity,high,,approved,population_mortality_trace_2026_03_09
deaths_respiratory_annual,deaths_annual,positive,x_raw,accounting_trace,2,slow,All-cause deaths trace includes respiratory deaths.,Demographic stock-flow identity,high,,approved,population_mortality_trace_2026_03_09
deaths_lung_cancer_annual,deaths_annual,positive,x_raw,accounting_trace,2,slow,All-cause deaths trace includes lung-cancer deaths.,Demographic stock-flow identity,high,,approved,population_mortality_trace_2026_03_09
deaths_colorectal_cancer_annual,deaths_annual,positive,x_raw,accounting_trace,2,slow,All-cause deaths trace includes colorectal-cancer deaths.,Demographic stock-flow identity,high,,approved,population_mortality_trace_2026_03_09
deaths_covid_annual,deaths_annual,positive,x_raw,accounting_trace,2,slow,All-cause deaths trace includes COVID deaths.,Demographic stock-flow identity,high,,approved,population_mortality_trace_2026_03_09
deaths_traffic_annual,deaths_annual,positive,x_raw,accounting_trace,2,slow,All-cause deaths trace includes road-traffic deaths.,Demographic stock-flow identity,high,,approved,population_mortality_trace_2026_03_09
deaths_suicide_annual,deaths_annual,positive,x_raw,accounting_trace,2,slow,All-cause deaths trace includes suicide deaths.,Demographic stock-flow identity,high,,approved,population_mortality_trace_2026_03_09
deaths_homicide_annual,deaths_annual,positive,x_raw,accounting_trace,2,slow,All-cause deaths trace includes homicide deaths.,Demographic stock-flow identity,high,,approved,population_mortality_trace_2026_03_09
deaths_other_annual,deaths_annual,positive,x_raw,accounting_trace,2,slow,All-cause deaths trace includes residual other-cause deaths.,Demographic stock-flow identity,high,,approved,population_mortality_trace_2026_03_09
population.total,population_density_implied,positive,x_raw,accounting_trace,2,slow,Population density identity trace scales with resident stock.,INE demographic and territorial identity,high,,approved,population_density_identity_trace_2026_03_09
land_area_km2,population_density_implied,negative,-x_raw,accounting_trace,2,slow,Population density identity trace decreases with larger fixed land area denominator.,INE territorial identity,high,,approved,population_density_identity_trace_2026_03_09
population_density_implied,population_density,positive,x_raw,accounting_trace,2,slow,Population density node mirrors deterministic implied density identity.,Deterministic synchronization rule,high,,approved,population_density_identity_trace_2026_03_09
population.total,households_total,positive,x_raw,accounting_trace,2,slow,Household-count identity trace scales with resident stock.,INE census household identity,high,,approved,housing_identity_trace_2026_03_09
average_household_size,households_total,negative,-x_raw,accounting_trace,2,slow,Household-count identity trace decreases with larger average household size denominator.,INE census household identity,high,,approved,housing_identity_trace_2026_03_09
housing_stock_total,occupied_dwellings,positive,x_raw,accounting_trace,2,slow,Occupied dwelling identity trace starts from total housing stock.,INE census housing identity,high,,approved,housing_identity_trace_2026_03_09
vacant_dwellings,occupied_dwellings,negative,-x_raw,accounting_trace,2,slow,Occupied dwelling identity trace subtracts vacant dwellings.,INE census housing identity,high,,approved,housing_identity_trace_2026_03_09
secondary_dwellings,occupied_dwellings,negative,-x_raw,accounting_trace,2,slow,Occupied dwelling identity trace subtracts secondary/holiday dwellings.,INE census housing identity,high,,approved,housing_identity_trace_2026_03_09
other_dwellings_residual,occupied_dwellings,negative,-x_raw,accounting_trace,2,slow,Occupied dwelling identity trace subtracts residual classification bucket.,INE census housing identity,medium,,approved,housing_identity_trace_2026_03_09
vacant_dwellings,vacancy_rate_percent,positive,x_raw,accounting_trace,2,slow,Vacancy-rate identity trace increases with vacant dwellings numerator.,INE census housing identity,high,,approved,housing_identity_trace_2026_03_09
housing_stock_total,vacancy_rate_percent,negative,-x_raw,accounting_trace,2,slow,Vacancy-rate identity trace decreases with larger housing stock denominator.,INE census housing identity,high,,approved,housing_identity_trace_2026_03_09
occupied_dwellings,owner_occupied_dwellings,positive,x_raw,accounting_trace,2,slow,Owner-occupied identity trace scales with occupied dwelling stock.,INE census housing tenure identity,high,,approved,housing_identity_trace_2026_03_09
owner_occupied_share,owner_occupied_dwellings,positive,x_raw,accounting_trace,2,slow,Owner-occupied identity trace scales with owner-share parameter.,INE census housing tenure identity,high,,approved,housing_identity_trace_2026_03_09
occupied_dwellings,rented_dwellings,positive,x_raw,accounting_trace,2,slow,Rented-dwelling identity trace starts from occupied stock.,INE census housing tenure identity,high,,approved,housing_identity_trace_2026_03_09
owner_occupied_dwellings,rented_dwellings,negative,-x_raw,accounting_trace,2,slow,Rented-dwelling identity trace subtracts owner-occupied segment.,INE census housing tenure identity,high,,approved,housing_identity_trace_2026_03_09
exports_goods_total_eur_m,net_goods_trade_eur_m,positive,x_raw,accounting_trace,2,fast,Goods trade balance identity adds goods exports.,INE international trade identity,high,,approved,trade_goods_identity_trace_2026_03_09
imports_goods_total_eur_m,net_goods_trade_eur_m,negative,-x_raw,accounting_trace,2,fast,Goods trade balance identity subtracts goods imports.,INE international trade identity,high,,approved,trade_goods_identity_trace_2026_03_09
net_goods_trade_eur_m,netExports,mixed,x_raw,accounting_trace,2,fast,Total net exports identity includes goods trade balance component and can be positive or negative.,National accounts identity bridge,high,,approved,trade_total_identity_trace_2026_03_09
net_services_trade_eur_m,netExports,mixed,x_raw,accounting_trace,2,fast,Total net exports identity includes services trade balance component and can be positive or negative.,National accounts identity bridge,high,,approved,trade_total_identity_trace_2026_03_09
exports_goods_hs01_eur_m,exports_goods_total_eur_m,positive,x_raw,accounting_trace,2,fast,Goods exports identity adds HS01 category value.,HS decomposition identity,high,,approved,trade_goods_component_trace_2026_03_10_full_hs2
exports_goods_hs02_eur_m,exports_goods_total_eur_m,positive,x_raw,accounting_trace,2,fast,Goods exports identity adds HS02 category value.,HS decomposition identity,high,,approved,trade_goods_component_trace_2026_03_10_full_hs2
exports_goods_hs03_eur_m,exports_goods_total_eur_m,positive,x_raw,accounting_trace,2,fast,Goods exports identity adds HS03 category value.,HS decomposition identity,high,,approved,trade_goods_component_trace_2026_03_10_full_hs2
exports_goods_hs04_eur_m,exports_goods_total_eur_m,positive,x_raw,accounting_trace,2,fast,Goods exports identity adds HS04 category value.,HS decomposition identity,high,,approved,trade_goods_component_trace_2026_03_10_full_hs2
exports_goods_hs05_eur_m,exports_goods_total_eur_m,positive,x_raw,accounting_trace,2,fast,Goods exports identity adds HS05 category value.,HS decomposition identity,high,,approved,trade_goods_component_trace_2026_03_10_full_hs2
exports_goods_hs06_eur_m,exports_goods_total_eur_m,positive,x_raw,accounting_trace,2,fast,Goods exports identity adds HS06 category value.,HS decomposition identity,high,,approved,trade_goods_component_trace_2026_03_10_full_hs2
exports_goods_hs07_eur_m,exports_goods_total_eur_m,positive,x_raw,accounting_trace,2,fast,Goods exports identity adds HS07 category value.,HS decomposition identity,high,,approved,trade_goods_component_trace_2026_03_10_full_hs2
exports_goods_hs08_eur_m,exports_goods_total_eur_m,positive,x_raw,accounting_trace,2,fast,Goods exports identity adds HS08 category value.,HS decomposition identity,high,,approved,trade_goods_component_trace_2026_03_10_full_hs2
exports_goods_hs09_eur_m,exports_goods_total_eur_m,positive,x_raw,accounting_trace,2,fast,Goods exports identity adds HS09 category value.,HS decomposition identity,high,,approved,trade_goods_component_trace_2026_03_10_full_hs2
exports_goods_hs10_eur_m,exports_goods_total_eur_m,positive,x_raw,accounting_trace,2,fast,Goods exports identity adds HS10 category value.,HS decomposition identity,high,,approved,trade_goods_component_trace_2026_03_10_full_hs2
exports_goods_hs11_eur_m,exports_goods_total_eur_m,positive,x_raw,accounting_trace,2,fast,Goods exports identity adds HS11 category value.,HS decomposition identity,high,,approved,trade_goods_component_trace_2026_03_10_full_hs2
exports_goods_hs12_eur_m,exports_goods_total_eur_m,positive,x_raw,accounting_trace,2,fast,Goods exports identity adds HS12 category value.,HS decomposition identity,high,,approved,trade_goods_component_trace_2026_03_10_full_hs2
exports_goods_hs13_eur_m,exports_goods_total_eur_m,positive,x_raw,accounting_trace,2,fast,Goods exports identity adds HS13 category value.,HS decomposition identity,high,,approved,trade_goods_component_trace_2026_03_10_full_hs2
exports_goods_hs14_eur_m,exports_goods_total_eur_m,positive,x_raw,accounting_trace,2,fast,Goods exports identity adds HS14 category value.,HS decomposition identity,high,,approved,trade_goods_component_trace_2026_03_10_full_hs2
exports_goods_hs15_eur_m,exports_goods_total_eur_m,positive,x_raw,accounting_trace,2,fast,Goods exports identity adds HS15 category value.,HS decomposition identity,high,,approved,trade_goods_component_trace_2026_03_10_full_hs2
exports_goods_hs16_eur_m,exports_goods_total_eur_m,positive,x_raw,accounting_trace,2,fast,Goods exports identity adds HS16 category value.,HS decomposition identity,high,,approved,trade_goods_component_trace_2026_03_10_full_hs2
exports_goods_hs17_eur_m,exports_goods_total_eur_m,positive,x_raw,accounting_trace,2,fast,Goods exports identity adds HS17 category value.,HS decomposition identity,high,,approved,trade_goods_component_trace_2026_03_10_full_hs2
exports_goods_hs18_eur_m,exports_goods_total_eur_m,positive,x_raw,accounting_trace,2,fast,Goods exports identity adds HS18 category value.,HS decomposition identity,high,,approved,trade_goods_component_trace_2026_03_10_full_hs2
exports_goods_hs19_eur_m,exports_goods_total_eur_m,positive,x_raw,accounting_trace,2,fast,Goods exports identity adds HS19 category value.,HS decomposition identity,high,,approved,trade_goods_component_trace_2026_03_10_full_hs2
exports_goods_hs20_eur_m,exports_goods_total_eur_m,positive,x_raw,accounting_trace,2,fast,Goods exports identity adds HS20 category value.,HS decomposition identity,high,,approved,trade_goods_component_trace_2026_03_10_full_hs2
exports_goods_hs21_eur_m,exports_goods_total_eur_m,positive,x_raw,accounting_trace,2,fast,Goods exports identity adds HS21 category value.,HS decomposition identity,high,,approved,trade_goods_component_trace_2026_03_10_full_hs2
exports_goods_hs22_eur_m,exports_goods_total_eur_m,positive,x_raw,accounting_trace,2,fast,Goods exports identity adds HS22 category value.,HS decomposition identity,high,,approved,trade_goods_component_trace_2026_03_10_full_hs2
exports_goods_hs23_eur_m,exports_goods_total_eur_m,positive,x_raw,accounting_trace,2,fast,Goods exports identity adds HS23 category value.,HS decomposition identity,high,,approved,trade_goods_component_trace_2026_03_10_full_hs2
exports_goods_hs24_eur_m,exports_goods_total_eur_m,positive,x_raw,accounting_trace,2,fast,Goods exports identity adds HS24 category value.,HS decomposition identity,high,,approved,trade_goods_component_trace_2026_03_10_full_hs2
exports_goods_hs25_eur_m,exports_goods_total_eur_m,positive,x_raw,accounting_trace,2,fast,Goods exports identity adds HS25 category value.,HS decomposition identity,high,,approved,trade_goods_component_trace_2026_03_10_full_hs2
exports_goods_hs26_eur_m,exports_goods_total_eur_m,positive,x_raw,accounting_trace,2,fast,Goods exports identity adds HS26 category value.,HS decomposition identity,high,,approved,trade_goods_component_trace_2026_03_10_full_hs2
exports_goods_hs27_eur_m,exports_goods_total_eur_m,positive,x_raw,accounting_trace,2,fast,Goods exports identity adds HS27 category value.,HS decomposition identity,high,,approved,trade_goods_component_trace_2026_03_10_full_hs2
exports_goods_hs28_eur_m,exports_goods_total_eur_m,positive,x_raw,accounting_trace,2,fast,Goods exports identity adds HS28 category value.,HS decomposition identity,high,,approved,trade_goods_component_trace_2026_03_10_full_hs2
exports_goods_hs29_eur_m,exports_goods_total_eur_m,positive,x_raw,accounting_trace,2,fast,Goods exports identity adds HS29 category value.,HS decomposition identity,high,,approved,trade_goods_component_trace_2026_03_10_full_hs2
exports_goods_hs30_eur_m,exports_goods_total_eur_m,positive,x_raw,accounting_trace,2,fast,Goods exports identity adds HS30 category value.,HS decomposition identity,high,,approved,trade_goods_component_trace_2026_03_10_full_hs2
exports_goods_hs31_eur_m,exports_goods_total_eur_m,positive,x_raw,accounting_trace,2,fast,Goods exports identity adds HS31 category value.,HS decomposition identity,high,,approved,trade_goods_component_trace_2026_03_10_full_hs2
exports_goods_hs32_eur_m,exports_goods_total_eur_m,positive,x_raw,accounting_trace,2,fast,Goods exports identity adds HS32 category value.,HS decomposition identity,high,,approved,trade_goods_component_trace_2026_03_10_full_hs2
exports_goods_hs33_eur_m,exports_goods_total_eur_m,positive,x_raw,accounting_trace,2,fast,Goods exports identity adds HS33 category value.,HS decomposition identity,high,,approved,trade_goods_component_trace_2026_03_10_full_hs2
exports_goods_hs34_eur_m,exports_goods_total_eur_m,positive,x_raw,accounting_trace,2,fast,Goods exports identity adds HS34 category value.,HS decomposition identity,high,,approved,trade_goods_component_trace_2026_03_10_full_hs2
exports_goods_hs35_eur_m,exports_goods_total_eur_m,positive,x_raw,accounting_trace,2,fast,Goods exports identity adds HS35 category value.,HS decomposition identity,high,,approved,trade_goods_component_trace_2026_03_10_full_hs2
exports_goods_hs36_eur_m,exports_goods_total_eur_m,positive,x_raw,accounting_trace,2,fast,Goods exports identity adds HS36 category value.,HS decomposition identity,high,,approved,trade_goods_component_trace_2026_03_10_full_hs2
exports_goods_hs37_eur_m,exports_goods_total_eur_m,positive,x_raw,accounting_trace,2,fast,Goods exports identity adds HS37 category value.,HS decomposition identity,high,,approved,trade_goods_component_trace_2026_03_10_full_hs2
exports_goods_hs38_eur_m,exports_goods_total_eur_m,positive,x_raw,accounting_trace,2,fast,Goods exports identity adds HS38 category value.,HS decomposition identity,high,,approved,trade_goods_component_trace_2026_03_10_full_hs2
exports_goods_hs39_eur_m,exports_goods_total_eur_m,positive,x_raw,accounting_trace,2,fast,Goods exports identity adds HS39 category value.,HS decomposition identity,high,,approved,trade_goods_component_trace_2026_03_10_full_hs2
exports_goods_hs40_eur_m,exports_goods_total_eur_m,positive,x_raw,accounting_trace,2,fast,Goods exports identity adds HS40 category value.,HS decomposition identity,high,,approved,trade_goods_component_trace_2026_03_10_full_hs2
exports_goods_hs41_eur_m,exports_goods_total_eur_m,positive,x_raw,accounting_trace,2,fast,Goods exports identity adds HS41 category value.,HS decomposition identity,high,,approved,trade_goods_component_trace_2026_03_10_full_hs2
exports_goods_hs42_eur_m,exports_goods_total_eur_m,positive,x_raw,accounting_trace,2,fast,Goods exports identity adds HS42 category value.,HS decomposition identity,high,,approved,trade_goods_component_trace_2026_03_10_full_hs2
exports_goods_hs43_eur_m,exports_goods_total_eur_m,positive,x_raw,accounting_trace,2,fast,Goods exports identity adds HS43 category value.,HS decomposition identity,high,,approved,trade_goods_component_trace_2026_03_10_full_hs2
exports_goods_hs44_eur_m,exports_goods_total_eur_m,positive,x_raw,accounting_trace,2,fast,Goods exports identity adds HS44 category value.,HS decomposition identity,high,,approved,trade_goods_component_trace_2026_03_10_full_hs2
exports_goods_hs45_eur_m,exports_goods_total_eur_m,positive,x_raw,accounting_trace,2,fast,Goods exports identity adds HS45 category value.,HS decomposition identity,high,,approved,trade_goods_component_trace_2026_03_10_full_hs2
exports_goods_hs46_eur_m,exports_goods_total_eur_m,positive,x_raw,accounting_trace,2,fast,Goods exports identity adds HS46 category value.,HS decomposition identity,high,,approved,trade_goods_component_trace_2026_03_10_full_hs2
exports_goods_hs47_eur_m,exports_goods_total_eur_m,positive,x_raw,accounting_trace,2,fast,Goods exports identity adds HS47 category value.,HS decomposition identity,high,,approved,trade_goods_component_trace_2026_03_10_full_hs2
exports_goods_hs48_eur_m,exports_goods_total_eur_m,positive,x_raw,accounting_trace,2,fast,Goods exports identity adds HS48 category value.,HS decomposition identity,high,,approved,trade_goods_component_trace_2026_03_10_full_hs2
exports_goods_hs49_eur_m,exports_goods_total_eur_m,positive,x_raw,accounting_trace,2,fast,Goods exports identity adds HS49 category value.,HS decomposition identity,high,,approved,trade_goods_component_trace_2026_03_10_full_hs2
exports_goods_hs50_eur_m,exports_goods_total_eur_m,positive,x_raw,accounting_trace,2,fast,Goods exports identity adds HS50 category value.,HS decomposition identity,high,,approved,trade_goods_component_trace_2026_03_10_full_hs2
exports_goods_hs51_eur_m,exports_goods_total_eur_m,positive,x_raw,accounting_trace,2,fast,Goods exports identity adds HS51 category value.,HS decomposition identity,high,,approved,trade_goods_component_trace_2026_03_10_full_hs2
exports_goods_hs52_eur_m,exports_goods_total_eur_m,positive,x_raw,accounting_trace,2,fast,Goods exports identity adds HS52 category value.,HS decomposition identity,high,,approved,trade_goods_component_trace_2026_03_10_full_hs2
exports_goods_hs53_eur_m,exports_goods_total_eur_m,positive,x_raw,accounting_trace,2,fast,Goods exports identity adds HS53 category value.,HS decomposition identity,high,,approved,trade_goods_component_trace_2026_03_10_full_hs2
exports_goods_hs54_eur_m,exports_goods_total_eur_m,positive,x_raw,accounting_trace,2,fast,Goods exports identity adds HS54 category value.,HS decomposition identity,high,,approved,trade_goods_component_trace_2026_03_10_full_hs2
exports_goods_hs55_eur_m,exports_goods_total_eur_m,positive,x_raw,accounting_trace,2,fast,Goods exports identity adds HS55 category value.,HS decomposition identity,high,,approved,trade_goods_component_trace_2026_03_10_full_hs2
exports_goods_hs56_eur_m,exports_goods_total_eur_m,positive,x_raw,accounting_trace,2,fast,Goods exports identity adds HS56 category value.,HS decomposition identity,high,,approved,trade_goods_component_trace_2026_03_10_full_hs2
exports_goods_hs57_eur_m,exports_goods_total_eur_m,positive,x_raw,accounting_trace,2,fast,Goods exports identity adds HS57 category value.,HS decomposition identity,high,,approved,trade_goods_component_trace_2026_03_10_full_hs2
exports_goods_hs58_eur_m,exports_goods_total_eur_m,positive,x_raw,accounting_trace,2,fast,Goods exports identity adds HS58 category value.,HS decomposition identity,high,,approved,trade_goods_component_trace_2026_03_10_full_hs2
exports_goods_hs59_eur_m,exports_goods_total_eur_m,positive,x_raw,accounting_trace,2,fast,Goods exports identity adds HS59 category value.,HS decomposition identity,high,,approved,trade_goods_component_trace_2026_03_10_full_hs2
exports_goods_hs60_eur_m,exports_goods_total_eur_m,positive,x_raw,accounting_trace,2,fast,Goods exports identity adds HS60 category value.,HS decomposition identity,high,,approved,trade_goods_component_trace_2026_03_10_full_hs2
exports_goods_hs61_eur_m,exports_goods_total_eur_m,positive,x_raw,accounting_trace,2,fast,Goods exports identity adds HS61 category value.,HS decomposition identity,high,,approved,trade_goods_component_trace_2026_03_10_full_hs2
exports_goods_hs62_eur_m,exports_goods_total_eur_m,positive,x_raw,accounting_trace,2,fast,Goods exports identity adds HS62 category value.,HS decomposition identity,high,,approved,trade_goods_component_trace_2026_03_10_full_hs2
exports_goods_hs63_eur_m,exports_goods_total_eur_m,positive,x_raw,accounting_trace,2,fast,Goods exports identity adds HS63 category value.,HS decomposition identity,high,,approved,trade_goods_component_trace_2026_03_10_full_hs2
exports_goods_hs64_eur_m,exports_goods_total_eur_m,positive,x_raw,accounting_trace,2,fast,Goods exports identity adds HS64 category value.,HS decomposition identity,high,,approved,trade_goods_component_trace_2026_03_10_full_hs2
exports_goods_hs65_eur_m,exports_goods_total_eur_m,positive,x_raw,accounting_trace,2,fast,Goods exports identity adds HS65 category value.,HS decomposition identity,high,,approved,trade_goods_component_trace_2026_03_10_full_hs2
exports_goods_hs66_eur_m,exports_goods_total_eur_m,positive,x_raw,accounting_trace,2,fast,Goods exports identity adds HS66 category value.,HS decomposition identity,high,,approved,trade_goods_component_trace_2026_03_10_full_hs2
exports_goods_hs67_eur_m,exports_goods_total_eur_m,positive,x_raw,accounting_trace,2,fast,Goods exports identity adds HS67 category value.,HS decomposition identity,high,,approved,trade_goods_component_trace_2026_03_10_full_hs2
exports_goods_hs68_eur_m,exports_goods_total_eur_m,positive,x_raw,accounting_trace,2,fast,Goods exports identity adds HS68 category value.,HS decomposition identity,high,,approved,trade_goods_component_trace_2026_03_10_full_hs2
exports_goods_hs69_eur_m,exports_goods_total_eur_m,positive,x_raw,accounting_trace,2,fast,Goods exports identity adds HS69 category value.,HS decomposition identity,high,,approved,trade_goods_component_trace_2026_03_10_full_hs2
exports_goods_hs70_eur_m,exports_goods_total_eur_m,positive,x_raw,accounting_trace,2,fast,Goods exports identity adds HS70 category value.,HS decomposition identity,high,,approved,trade_goods_component_trace_2026_03_10_full_hs2
exports_goods_hs71_eur_m,exports_goods_total_eur_m,positive,x_raw,accounting_trace,2,fast,Goods exports identity adds HS71 category value.,HS decomposition identity,high,,approved,trade_goods_component_trace_2026_03_10_full_hs2
exports_goods_hs72_eur_m,exports_goods_total_eur_m,positive,x_raw,accounting_trace,2,fast,Goods exports identity adds HS72 category value.,HS decomposition identity,high,,approved,trade_goods_component_trace_2026_03_10_full_hs2
exports_goods_hs73_eur_m,exports_goods_total_eur_m,positive,x_raw,accounting_trace,2,fast,Goods exports identity adds HS73 category value.,HS decomposition identity,high,,approved,trade_goods_component_trace_2026_03_10_full_hs2
exports_goods_hs74_eur_m,exports_goods_total_eur_m,positive,x_raw,accounting_trace,2,fast,Goods exports identity adds HS74 category value.,HS decomposition identity,high,,approved,trade_goods_component_trace_2026_03_10_full_hs2
exports_goods_hs75_eur_m,exports_goods_total_eur_m,positive,x_raw,accounting_trace,2,fast,Goods exports identity adds HS75 category value.,HS decomposition identity,high,,approved,trade_goods_component_trace_2026_03_10_full_hs2
exports_goods_hs76_eur_m,exports_goods_total_eur_m,positive,x_raw,accounting_trace,2,fast,Goods exports identity adds HS76 category value.,HS decomposition identity,high,,approved,trade_goods_component_trace_2026_03_10_full_hs2
exports_goods_hs78_eur_m,exports_goods_total_eur_m,positive,x_raw,accounting_trace,2,fast,Goods exports identity adds HS78 category value.,HS decomposition identity,high,,approved,trade_goods_component_trace_2026_03_10_full_hs2
exports_goods_hs79_eur_m,exports_goods_total_eur_m,positive,x_raw,accounting_trace,2,fast,Goods exports identity adds HS79 category value.,HS decomposition identity,high,,approved,trade_goods_component_trace_2026_03_10_full_hs2
exports_goods_hs80_eur_m,exports_goods_total_eur_m,positive,x_raw,accounting_trace,2,fast,Goods exports identity adds HS80 category value.,HS decomposition identity,high,,approved,trade_goods_component_trace_2026_03_10_full_hs2
exports_goods_hs81_eur_m,exports_goods_total_eur_m,positive,x_raw,accounting_trace,2,fast,Goods exports identity adds HS81 category value.,HS decomposition identity,high,,approved,trade_goods_component_trace_2026_03_10_full_hs2
exports_goods_hs82_eur_m,exports_goods_total_eur_m,positive,x_raw,accounting_trace,2,fast,Goods exports identity adds HS82 category value.,HS decomposition identity,high,,approved,trade_goods_component_trace_2026_03_10_full_hs2
exports_goods_hs83_eur_m,exports_goods_total_eur_m,positive,x_raw,accounting_trace,2,fast,Goods exports identity adds HS83 category value.,HS decomposition identity,high,,approved,trade_goods_component_trace_2026_03_10_full_hs2
exports_goods_hs84_eur_m,exports_goods_total_eur_m,positive,x_raw,accounting_trace,2,fast,Goods exports identity adds HS84 category value.,HS decomposition identity,high,,approved,trade_goods_component_trace_2026_03_10_full_hs2
exports_goods_hs85_eur_m,exports_goods_total_eur_m,positive,x_raw,accounting_trace,2,fast,Goods exports identity adds HS85 category value.,HS decomposition identity,high,,approved,trade_goods_component_trace_2026_03_10_full_hs2
exports_goods_hs86_eur_m,exports_goods_total_eur_m,positive,x_raw,accounting_trace,2,fast,Goods exports identity adds HS86 category value.,HS decomposition identity,high,,approved,trade_goods_component_trace_2026_03_10_full_hs2
exports_goods_hs87_eur_m,exports_goods_total_eur_m,positive,x_raw,accounting_trace,2,fast,Goods exports identity adds HS87 category value.,HS decomposition identity,high,,approved,trade_goods_component_trace_2026_03_10_full_hs2
exports_goods_hs88_eur_m,exports_goods_total_eur_m,positive,x_raw,accounting_trace,2,fast,Goods exports identity adds HS88 category value.,HS decomposition identity,high,,approved,trade_goods_component_trace_2026_03_10_full_hs2
exports_goods_hs89_eur_m,exports_goods_total_eur_m,positive,x_raw,accounting_trace,2,fast,Goods exports identity adds HS89 category value.,HS decomposition identity,high,,approved,trade_goods_component_trace_2026_03_10_full_hs2
exports_goods_hs90_eur_m,exports_goods_total_eur_m,positive,x_raw,accounting_trace,2,fast,Goods exports identity adds HS90 category value.,HS decomposition identity,high,,approved,trade_goods_component_trace_2026_03_10_full_hs2
exports_goods_hs91_eur_m,exports_goods_total_eur_m,positive,x_raw,accounting_trace,2,fast,Goods exports identity adds HS91 category value.,HS decomposition identity,high,,approved,trade_goods_component_trace_2026_03_10_full_hs2
exports_goods_hs92_eur_m,exports_goods_total_eur_m,positive,x_raw,accounting_trace,2,fast,Goods exports identity adds HS92 category value.,HS decomposition identity,high,,approved,trade_goods_component_trace_2026_03_10_full_hs2
exports_goods_hs93_eur_m,exports_goods_total_eur_m,positive,x_raw,accounting_trace,2,fast,Goods exports identity adds HS93 category value.,HS decomposition identity,high,,approved,trade_goods_component_trace_2026_03_10_full_hs2
exports_goods_hs94_eur_m,exports_goods_total_eur_m,positive,x_raw,accounting_trace,2,fast,Goods exports identity adds HS94 category value.,HS decomposition identity,high,,approved,trade_goods_component_trace_2026_03_10_full_hs2
exports_goods_hs95_eur_m,exports_goods_total_eur_m,positive,x_raw,accounting_trace,2,fast,Goods exports identity adds HS95 category value.,HS decomposition identity,high,,approved,trade_goods_component_trace_2026_03_10_full_hs2
exports_goods_hs96_eur_m,exports_goods_total_eur_m,positive,x_raw,accounting_trace,2,fast,Goods exports identity adds HS96 category value.,HS decomposition identity,high,,approved,trade_goods_component_trace_2026_03_10_full_hs2
exports_goods_hs97_eur_m,exports_goods_total_eur_m,positive,x_raw,accounting_trace,2,fast,Goods exports identity adds HS97 category value.,HS decomposition identity,high,,approved,trade_goods_component_trace_2026_03_10_full_hs2
exports_goods_other_eur_m,exports_goods_total_eur_m,mixed,x_raw,accounting_trace,2,fast,Goods exports identity adds residual other-goods value.,HS decomposition identity,high,,approved,trade_goods_component_trace_2026_03_10_full_hs2
imports_goods_hs01_eur_m,imports_goods_total_eur_m,positive,x_raw,accounting_trace,2,fast,Goods imports identity adds HS01 category value.,HS decomposition identity,high,,approved,trade_goods_component_trace_2026_03_10_full_hs2
imports_goods_hs02_eur_m,imports_goods_total_eur_m,positive,x_raw,accounting_trace,2,fast,Goods imports identity adds HS02 category value.,HS decomposition identity,high,,approved,trade_goods_component_trace_2026_03_10_full_hs2
imports_goods_hs03_eur_m,imports_goods_total_eur_m,positive,x_raw,accounting_trace,2,fast,Goods imports identity adds HS03 category value.,HS decomposition identity,high,,approved,trade_goods_component_trace_2026_03_10_full_hs2
imports_goods_hs04_eur_m,imports_goods_total_eur_m,positive,x_raw,accounting_trace,2,fast,Goods imports identity adds HS04 category value.,HS decomposition identity,high,,approved,trade_goods_component_trace_2026_03_10_full_hs2
imports_goods_hs05_eur_m,imports_goods_total_eur_m,positive,x_raw,accounting_trace,2,fast,Goods imports identity adds HS05 category value.,HS decomposition identity,high,,approved,trade_goods_component_trace_2026_03_10_full_hs2
imports_goods_hs06_eur_m,imports_goods_total_eur_m,positive,x_raw,accounting_trace,2,fast,Goods imports identity adds HS06 category value.,HS decomposition identity,high,,approved,trade_goods_component_trace_2026_03_10_full_hs2
imports_goods_hs07_eur_m,imports_goods_total_eur_m,positive,x_raw,accounting_trace,2,fast,Goods imports identity adds HS07 category value.,HS decomposition identity,high,,approved,trade_goods_component_trace_2026_03_10_full_hs2
imports_goods_hs08_eur_m,imports_goods_total_eur_m,positive,x_raw,accounting_trace,2,fast,Goods imports identity adds HS08 category value.,HS decomposition identity,high,,approved,trade_goods_component_trace_2026_03_10_full_hs2
imports_goods_hs09_eur_m,imports_goods_total_eur_m,positive,x_raw,accounting_trace,2,fast,Goods imports identity adds HS09 category value.,HS decomposition identity,high,,approved,trade_goods_component_trace_2026_03_10_full_hs2
imports_goods_hs10_eur_m,imports_goods_total_eur_m,positive,x_raw,accounting_trace,2,fast,Goods imports identity adds HS10 category value.,HS decomposition identity,high,,approved,trade_goods_component_trace_2026_03_10_full_hs2
imports_goods_hs11_eur_m,imports_goods_total_eur_m,positive,x_raw,accounting_trace,2,fast,Goods imports identity adds HS11 category value.,HS decomposition identity,high,,approved,trade_goods_component_trace_2026_03_10_full_hs2
imports_goods_hs12_eur_m,imports_goods_total_eur_m,positive,x_raw,accounting_trace,2,fast,Goods imports identity adds HS12 category value.,HS decomposition identity,high,,approved,trade_goods_component_trace_2026_03_10_full_hs2
imports_goods_hs13_eur_m,imports_goods_total_eur_m,positive,x_raw,accounting_trace,2,fast,Goods imports identity adds HS13 category value.,HS decomposition identity,high,,approved,trade_goods_component_trace_2026_03_10_full_hs2
imports_goods_hs14_eur_m,imports_goods_total_eur_m,positive,x_raw,accounting_trace,2,fast,Goods imports identity adds HS14 category value.,HS decomposition identity,high,,approved,trade_goods_component_trace_2026_03_10_full_hs2
imports_goods_hs15_eur_m,imports_goods_total_eur_m,positive,x_raw,accounting_trace,2,fast,Goods imports identity adds HS15 category value.,HS decomposition identity,high,,approved,trade_goods_component_trace_2026_03_10_full_hs2
imports_goods_hs16_eur_m,imports_goods_total_eur_m,positive,x_raw,accounting_trace,2,fast,Goods imports identity adds HS16 category value.,HS decomposition identity,high,,approved,trade_goods_component_trace_2026_03_10_full_hs2
imports_goods_hs17_eur_m,imports_goods_total_eur_m,positive,x_raw,accounting_trace,2,fast,Goods imports identity adds HS17 category value.,HS decomposition identity,high,,approved,trade_goods_component_trace_2026_03_10_full_hs2
imports_goods_hs18_eur_m,imports_goods_total_eur_m,positive,x_raw,accounting_trace,2,fast,Goods imports identity adds HS18 category value.,HS decomposition identity,high,,approved,trade_goods_component_trace_2026_03_10_full_hs2
imports_goods_hs19_eur_m,imports_goods_total_eur_m,positive,x_raw,accounting_trace,2,fast,Goods imports identity adds HS19 category value.,HS decomposition identity,high,,approved,trade_goods_component_trace_2026_03_10_full_hs2
imports_goods_hs20_eur_m,imports_goods_total_eur_m,positive,x_raw,accounting_trace,2,fast,Goods imports identity adds HS20 category value.,HS decomposition identity,high,,approved,trade_goods_component_trace_2026_03_10_full_hs2
imports_goods_hs21_eur_m,imports_goods_total_eur_m,positive,x_raw,accounting_trace,2,fast,Goods imports identity adds HS21 category value.,HS decomposition identity,high,,approved,trade_goods_component_trace_2026_03_10_full_hs2
imports_goods_hs22_eur_m,imports_goods_total_eur_m,positive,x_raw,accounting_trace,2,fast,Goods imports identity adds HS22 category value.,HS decomposition identity,high,,approved,trade_goods_component_trace_2026_03_10_full_hs2
imports_goods_hs23_eur_m,imports_goods_total_eur_m,positive,x_raw,accounting_trace,2,fast,Goods imports identity adds HS23 category value.,HS decomposition identity,high,,approved,trade_goods_component_trace_2026_03_10_full_hs2
imports_goods_hs24_eur_m,imports_goods_total_eur_m,positive,x_raw,accounting_trace,2,fast,Goods imports identity adds HS24 category value.,HS decomposition identity,high,,approved,trade_goods_component_trace_2026_03_10_full_hs2
imports_goods_hs25_eur_m,imports_goods_total_eur_m,positive,x_raw,accounting_trace,2,fast,Goods imports identity adds HS25 category value.,HS decomposition identity,high,,approved,trade_goods_component_trace_2026_03_10_full_hs2
imports_goods_hs26_eur_m,imports_goods_total_eur_m,positive,x_raw,accounting_trace,2,fast,Goods imports identity adds HS26 category value.,HS decomposition identity,high,,approved,trade_goods_component_trace_2026_03_10_full_hs2
imports_goods_hs27_eur_m,imports_goods_total_eur_m,positive,x_raw,accounting_trace,2,fast,Goods imports identity adds HS27 category value.,HS decomposition identity,high,,approved,trade_goods_component_trace_2026_03_10_full_hs2
imports_goods_hs28_eur_m,imports_goods_total_eur_m,positive,x_raw,accounting_trace,2,fast,Goods imports identity adds HS28 category value.,HS decomposition identity,high,,approved,trade_goods_component_trace_2026_03_10_full_hs2
imports_goods_hs29_eur_m,imports_goods_total_eur_m,positive,x_raw,accounting_trace,2,fast,Goods imports identity adds HS29 category value.,HS decomposition identity,high,,approved,trade_goods_component_trace_2026_03_10_full_hs2
imports_goods_hs30_eur_m,imports_goods_total_eur_m,positive,x_raw,accounting_trace,2,fast,Goods imports identity adds HS30 category value.,HS decomposition identity,high,,approved,trade_goods_component_trace_2026_03_10_full_hs2
imports_goods_hs31_eur_m,imports_goods_total_eur_m,positive,x_raw,accounting_trace,2,fast,Goods imports identity adds HS31 category value.,HS decomposition identity,high,,approved,trade_goods_component_trace_2026_03_10_full_hs2
imports_goods_hs32_eur_m,imports_goods_total_eur_m,positive,x_raw,accounting_trace,2,fast,Goods imports identity adds HS32 category value.,HS decomposition identity,high,,approved,trade_goods_component_trace_2026_03_10_full_hs2
imports_goods_hs33_eur_m,imports_goods_total_eur_m,positive,x_raw,accounting_trace,2,fast,Goods imports identity adds HS33 category value.,HS decomposition identity,high,,approved,trade_goods_component_trace_2026_03_10_full_hs2
imports_goods_hs34_eur_m,imports_goods_total_eur_m,positive,x_raw,accounting_trace,2,fast,Goods imports identity adds HS34 category value.,HS decomposition identity,high,,approved,trade_goods_component_trace_2026_03_10_full_hs2
imports_goods_hs35_eur_m,imports_goods_total_eur_m,positive,x_raw,accounting_trace,2,fast,Goods imports identity adds HS35 category value.,HS decomposition identity,high,,approved,trade_goods_component_trace_2026_03_10_full_hs2
imports_goods_hs36_eur_m,imports_goods_total_eur_m,positive,x_raw,accounting_trace,2,fast,Goods imports identity adds HS36 category value.,HS decomposition identity,high,,approved,trade_goods_component_trace_2026_03_10_full_hs2
imports_goods_hs37_eur_m,imports_goods_total_eur_m,positive,x_raw,accounting_trace,2,fast,Goods imports identity adds HS37 category value.,HS decomposition identity,high,,approved,trade_goods_component_trace_2026_03_10_full_hs2
imports_goods_hs38_eur_m,imports_goods_total_eur_m,positive,x_raw,accounting_trace,2,fast,Goods imports identity adds HS38 category value.,HS decomposition identity,high,,approved,trade_goods_component_trace_2026_03_10_full_hs2
imports_goods_hs39_eur_m,imports_goods_total_eur_m,positive,x_raw,accounting_trace,2,fast,Goods imports identity adds HS39 category value.,HS decomposition identity,high,,approved,trade_goods_component_trace_2026_03_10_full_hs2
imports_goods_hs40_eur_m,imports_goods_total_eur_m,positive,x_raw,accounting_trace,2,fast,Goods imports identity adds HS40 category value.,HS decomposition identity,high,,approved,trade_goods_component_trace_2026_03_10_full_hs2
imports_goods_hs41_eur_m,imports_goods_total_eur_m,positive,x_raw,accounting_trace,2,fast,Goods imports identity adds HS41 category value.,HS decomposition identity,high,,approved,trade_goods_component_trace_2026_03_10_full_hs2
imports_goods_hs42_eur_m,imports_goods_total_eur_m,positive,x_raw,accounting_trace,2,fast,Goods imports identity adds HS42 category value.,HS decomposition identity,high,,approved,trade_goods_component_trace_2026_03_10_full_hs2
imports_goods_hs43_eur_m,imports_goods_total_eur_m,positive,x_raw,accounting_trace,2,fast,Goods imports identity adds HS43 category value.,HS decomposition identity,high,,approved,trade_goods_component_trace_2026_03_10_full_hs2
imports_goods_hs44_eur_m,imports_goods_total_eur_m,positive,x_raw,accounting_trace,2,fast,Goods imports identity adds HS44 category value.,HS decomposition identity,high,,approved,trade_goods_component_trace_2026_03_10_full_hs2
imports_goods_hs45_eur_m,imports_goods_total_eur_m,positive,x_raw,accounting_trace,2,fast,Goods imports identity adds HS45 category value.,HS decomposition identity,high,,approved,trade_goods_component_trace_2026_03_10_full_hs2
imports_goods_hs46_eur_m,imports_goods_total_eur_m,positive,x_raw,accounting_trace,2,fast,Goods imports identity adds HS46 category value.,HS decomposition identity,high,,approved,trade_goods_component_trace_2026_03_10_full_hs2
imports_goods_hs47_eur_m,imports_goods_total_eur_m,positive,x_raw,accounting_trace,2,fast,Goods imports identity adds HS47 category value.,HS decomposition identity,high,,approved,trade_goods_component_trace_2026_03_10_full_hs2
imports_goods_hs48_eur_m,imports_goods_total_eur_m,positive,x_raw,accounting_trace,2,fast,Goods imports identity adds HS48 category value.,HS decomposition identity,high,,approved,trade_goods_component_trace_2026_03_10_full_hs2
imports_goods_hs49_eur_m,imports_goods_total_eur_m,positive,x_raw,accounting_trace,2,fast,Goods imports identity adds HS49 category value.,HS decomposition identity,high,,approved,trade_goods_component_trace_2026_03_10_full_hs2
imports_goods_hs50_eur_m,imports_goods_total_eur_m,positive,x_raw,accounting_trace,2,fast,Goods imports identity adds HS50 category value.,HS decomposition identity,high,,approved,trade_goods_component_trace_2026_03_10_full_hs2
imports_goods_hs51_eur_m,imports_goods_total_eur_m,positive,x_raw,accounting_trace,2,fast,Goods imports identity adds HS51 category value.,HS decomposition identity,high,,approved,trade_goods_component_trace_2026_03_10_full_hs2
imports_goods_hs52_eur_m,imports_goods_total_eur_m,positive,x_raw,accounting_trace,2,fast,Goods imports identity adds HS52 category value.,HS decomposition identity,high,,approved,trade_goods_component_trace_2026_03_10_full_hs2
imports_goods_hs53_eur_m,imports_goods_total_eur_m,positive,x_raw,accounting_trace,2,fast,Goods imports identity adds HS53 category value.,HS decomposition identity,high,,approved,trade_goods_component_trace_2026_03_10_full_hs2
imports_goods_hs54_eur_m,imports_goods_total_eur_m,positive,x_raw,accounting_trace,2,fast,Goods imports identity adds HS54 category value.,HS decomposition identity,high,,approved,trade_goods_component_trace_2026_03_10_full_hs2
imports_goods_hs55_eur_m,imports_goods_total_eur_m,positive,x_raw,accounting_trace,2,fast,Goods imports identity adds HS55 category value.,HS decomposition identity,high,,approved,trade_goods_component_trace_2026_03_10_full_hs2
imports_goods_hs56_eur_m,imports_goods_total_eur_m,positive,x_raw,accounting_trace,2,fast,Goods imports identity adds HS56 category value.,HS decomposition identity,high,,approved,trade_goods_component_trace_2026_03_10_full_hs2
imports_goods_hs57_eur_m,imports_goods_total_eur_m,positive,x_raw,accounting_trace,2,fast,Goods imports identity adds HS57 category value.,HS decomposition identity,high,,approved,trade_goods_component_trace_2026_03_10_full_hs2
imports_goods_hs58_eur_m,imports_goods_total_eur_m,positive,x_raw,accounting_trace,2,fast,Goods imports identity adds HS58 category value.,HS decomposition identity,high,,approved,trade_goods_component_trace_2026_03_10_full_hs2
imports_goods_hs59_eur_m,imports_goods_total_eur_m,positive,x_raw,accounting_trace,2,fast,Goods imports identity adds HS59 category value.,HS decomposition identity,high,,approved,trade_goods_component_trace_2026_03_10_full_hs2
imports_goods_hs60_eur_m,imports_goods_total_eur_m,positive,x_raw,accounting_trace,2,fast,Goods imports identity adds HS60 category value.,HS decomposition identity,high,,approved,trade_goods_component_trace_2026_03_10_full_hs2
imports_goods_hs61_eur_m,imports_goods_total_eur_m,positive,x_raw,accounting_trace,2,fast,Goods imports identity adds HS61 category value.,HS decomposition identity,high,,approved,trade_goods_component_trace_2026_03_10_full_hs2
imports_goods_hs62_eur_m,imports_goods_total_eur_m,positive,x_raw,accounting_trace,2,fast,Goods imports identity adds HS62 category value.,HS decomposition identity,high,,approved,trade_goods_component_trace_2026_03_10_full_hs2
imports_goods_hs63_eur_m,imports_goods_total_eur_m,positive,x_raw,accounting_trace,2,fast,Goods imports identity adds HS63 category value.,HS decomposition identity,high,,approved,trade_goods_component_trace_2026_03_10_full_hs2
imports_goods_hs64_eur_m,imports_goods_total_eur_m,positive,x_raw,accounting_trace,2,fast,Goods imports identity adds HS64 category value.,HS decomposition identity,high,,approved,trade_goods_component_trace_2026_03_10_full_hs2
imports_goods_hs65_eur_m,imports_goods_total_eur_m,positive,x_raw,accounting_trace,2,fast,Goods imports identity adds HS65 category value.,HS decomposition identity,high,,approved,trade_goods_component_trace_2026_03_10_full_hs2
imports_goods_hs66_eur_m,imports_goods_total_eur_m,positive,x_raw,accounting_trace,2,fast,Goods imports identity adds HS66 category value.,HS decomposition identity,high,,approved,trade_goods_component_trace_2026_03_10_full_hs2
imports_goods_hs67_eur_m,imports_goods_total_eur_m,positive,x_raw,accounting_trace,2,fast,Goods imports identity adds HS67 category value.,HS decomposition identity,high,,approved,trade_goods_component_trace_2026_03_10_full_hs2
imports_goods_hs68_eur_m,imports_goods_total_eur_m,positive,x_raw,accounting_trace,2,fast,Goods imports identity adds HS68 category value.,HS decomposition identity,high,,approved,trade_goods_component_trace_2026_03_10_full_hs2
imports_goods_hs69_eur_m,imports_goods_total_eur_m,positive,x_raw,accounting_trace,2,fast,Goods imports identity adds HS69 category value.,HS decomposition identity,high,,approved,trade_goods_component_trace_2026_03_10_full_hs2
imports_goods_hs70_eur_m,imports_goods_total_eur_m,positive,x_raw,accounting_trace,2,fast,Goods imports identity adds HS70 category value.,HS decomposition identity,high,,approved,trade_goods_component_trace_2026_03_10_full_hs2
imports_goods_hs71_eur_m,imports_goods_total_eur_m,positive,x_raw,accounting_trace,2,fast,Goods imports identity adds HS71 category value.,HS decomposition identity,high,,approved,trade_goods_component_trace_2026_03_10_full_hs2
imports_goods_hs72_eur_m,imports_goods_total_eur_m,positive,x_raw,accounting_trace,2,fast,Goods imports identity adds HS72 category value.,HS decomposition identity,high,,approved,trade_goods_component_trace_2026_03_10_full_hs2
imports_goods_hs73_eur_m,imports_goods_total_eur_m,positive,x_raw,accounting_trace,2,fast,Goods imports identity adds HS73 category value.,HS decomposition identity,high,,approved,trade_goods_component_trace_2026_03_10_full_hs2
imports_goods_hs74_eur_m,imports_goods_total_eur_m,positive,x_raw,accounting_trace,2,fast,Goods imports identity adds HS74 category value.,HS decomposition identity,high,,approved,trade_goods_component_trace_2026_03_10_full_hs2
imports_goods_hs75_eur_m,imports_goods_total_eur_m,positive,x_raw,accounting_trace,2,fast,Goods imports identity adds HS75 category value.,HS decomposition identity,high,,approved,trade_goods_component_trace_2026_03_10_full_hs2
imports_goods_hs76_eur_m,imports_goods_total_eur_m,positive,x_raw,accounting_trace,2,fast,Goods imports identity adds HS76 category value.,HS decomposition identity,high,,approved,trade_goods_component_trace_2026_03_10_full_hs2
imports_goods_hs78_eur_m,imports_goods_total_eur_m,positive,x_raw,accounting_trace,2,fast,Goods imports identity adds HS78 category value.,HS decomposition identity,high,,approved,trade_goods_component_trace_2026_03_10_full_hs2
imports_goods_hs79_eur_m,imports_goods_total_eur_m,positive,x_raw,accounting_trace,2,fast,Goods imports identity adds HS79 category value.,HS decomposition identity,high,,approved,trade_goods_component_trace_2026_03_10_full_hs2
imports_goods_hs80_eur_m,imports_goods_total_eur_m,positive,x_raw,accounting_trace,2,fast,Goods imports identity adds HS80 category value.,HS decomposition identity,high,,approved,trade_goods_component_trace_2026_03_10_full_hs2
imports_goods_hs81_eur_m,imports_goods_total_eur_m,positive,x_raw,accounting_trace,2,fast,Goods imports identity adds HS81 category value.,HS decomposition identity,high,,approved,trade_goods_component_trace_2026_03_10_full_hs2
imports_goods_hs82_eur_m,imports_goods_total_eur_m,positive,x_raw,accounting_trace,2,fast,Goods imports identity adds HS82 category value.,HS decomposition identity,high,,approved,trade_goods_component_trace_2026_03_10_full_hs2
imports_goods_hs83_eur_m,imports_goods_total_eur_m,positive,x_raw,accounting_trace,2,fast,Goods imports identity adds HS83 category value.,HS decomposition identity,high,,approved,trade_goods_component_trace_2026_03_10_full_hs2
imports_goods_hs84_eur_m,imports_goods_total_eur_m,positive,x_raw,accounting_trace,2,fast,Goods imports identity adds HS84 category value.,HS decomposition identity,high,,approved,trade_goods_component_trace_2026_03_10_full_hs2
imports_goods_hs85_eur_m,imports_goods_total_eur_m,positive,x_raw,accounting_trace,2,fast,Goods imports identity adds HS85 category value.,HS decomposition identity,high,,approved,trade_goods_component_trace_2026_03_10_full_hs2
imports_goods_hs86_eur_m,imports_goods_total_eur_m,positive,x_raw,accounting_trace,2,fast,Goods imports identity adds HS86 category value.,HS decomposition identity,high,,approved,trade_goods_component_trace_2026_03_10_full_hs2
imports_goods_hs87_eur_m,imports_goods_total_eur_m,positive,x_raw,accounting_trace,2,fast,Goods imports identity adds HS87 category value.,HS decomposition identity,high,,approved,trade_goods_component_trace_2026_03_10_full_hs2
imports_goods_hs88_eur_m,imports_goods_total_eur_m,positive,x_raw,accounting_trace,2,fast,Goods imports identity adds HS88 category value.,HS decomposition identity,high,,approved,trade_goods_component_trace_2026_03_10_full_hs2
imports_goods_hs89_eur_m,imports_goods_total_eur_m,positive,x_raw,accounting_trace,2,fast,Goods imports identity adds HS89 category value.,HS decomposition identity,high,,approved,trade_goods_component_trace_2026_03_10_full_hs2
imports_goods_hs90_eur_m,imports_goods_total_eur_m,positive,x_raw,accounting_trace,2,fast,Goods imports identity adds HS90 category value.,HS decomposition identity,high,,approved,trade_goods_component_trace_2026_03_10_full_hs2
imports_goods_hs91_eur_m,imports_goods_total_eur_m,positive,x_raw,accounting_trace,2,fast,Goods imports identity adds HS91 category value.,HS decomposition identity,high,,approved,trade_goods_component_trace_2026_03_10_full_hs2
imports_goods_hs92_eur_m,imports_goods_total_eur_m,positive,x_raw,accounting_trace,2,fast,Goods imports identity adds HS92 category value.,HS decomposition identity,high,,approved,trade_goods_component_trace_2026_03_10_full_hs2
imports_goods_hs93_eur_m,imports_goods_total_eur_m,positive,x_raw,accounting_trace,2,fast,Goods imports identity adds HS93 category value.,HS decomposition identity,high,,approved,trade_goods_component_trace_2026_03_10_full_hs2
imports_goods_hs94_eur_m,imports_goods_total_eur_m,positive,x_raw,accounting_trace,2,fast,Goods imports identity adds HS94 category value.,HS decomposition identity,high,,approved,trade_goods_component_trace_2026_03_10_full_hs2
imports_goods_hs95_eur_m,imports_goods_total_eur_m,positive,x_raw,accounting_trace,2,fast,Goods imports identity adds HS95 category value.,HS decomposition identity,high,,approved,trade_goods_component_trace_2026_03_10_full_hs2
imports_goods_hs96_eur_m,imports_goods_total_eur_m,positive,x_raw,accounting_trace,2,fast,Goods imports identity adds HS96 category value.,HS decomposition identity,high,,approved,trade_goods_component_trace_2026_03_10_full_hs2
imports_goods_hs97_eur_m,imports_goods_total_eur_m,positive,x_raw,accounting_trace,2,fast,Goods imports identity adds HS97 category value.,HS decomposition identity,high,,approved,trade_goods_component_trace_2026_03_10_full_hs2
imports_goods_other_eur_m,imports_goods_total_eur_m,mixed,x_raw,accounting_trace,2,fast,Goods imports identity adds residual other-goods value.,HS decomposition identity,high,,approved,trade_goods_component_trace_2026_03_10_full_hs2
